{
  "тревога": ["тревога", "паника", "страх", "не могу расслабиться", "тревожно", "волнение"],
  "одиночество": ["один", "одиночество", "никого нет", "не с кем поговорить", "чувствую себя одиноким"],
  "выгорание": ["устал", "выгорел", "не радует", "нет сил", "опустошён", "не могу работать"],
  "бессонница": ["не сплю", "не могу уснуть", "бессонница", "плохо сплю", "просыпаюсь", "бессонные ночи"],
  "грусть": ["грустно", "печально", "слёзы", "плакал", "тоска", "нет радости"]
}
